{
  "miniprogramRoot": "miniprogram/",
  "cloudfunctionRoot": "cloudfunctions/",
  "setting": {
    "urlCheck": true,
    "es6": true,
    "enhance": true,
    "postcss": true,
    "preloadBackgroundData": false,
    "minified": true,
    "newFeature": true,
    "coverView": true,
    "nodeModules": false,
    "autoAudits": false,
    "showShadowRootInWxmlPanel": true,
    "scopeDataCheck": false,
    "uglifyFileName": true,
    "checkInvalidKey": true,
    "checkSiteMap": true,
    "uploadWithSourceMap": true,
    "compileHotReLoad": false,
    "lazyloadPlaceholderEnable": false,
    "useMultiFrameRuntime": true,
    "useApiHook": true,
    "useApiHostProcess": true,
    "babelSetting": {
      "ignore": [],
      "disablePlugins": [],
      "outputPath": ""
    },
    "enableEngineNative": false,
    "useIsolateContext": true,
    "userConfirmedBundleSwitch": false,
    "packNpmManually": false,
    "packNpmRelationList": [],
    "minifyWXSS": true,
    "showES6CompileOption": false
  },
  "appid": "wxaacf9e5ca289d2e7",
  "projectname": "yun",
  "libVersion": "2.11.1",
  "simulatorType": "wechat",
  "simulatorPluginLibVersion": {},
  "condition": {
    "search": {
      "list": []
    },
    "conversation": {
      "list": []
    },
    "plugin": {
      "list": []
    },
    "game": {
      "list": []
    },
    "gamePlugin": {
      "list": []
    },
    "miniprogram": {
      "list": [
        {
          "id": -1,
          "name": "db guide",
          "pathName": "pages/databaseGuide/databaseGuide",
          "query": ""
        },
        {
          "id": -1,
          "name": "pages/chucun/chucun",
          "pathName": "pages/chucun/chucun",
          "query": "",
          "scene": null
        },
        {
          "id": -1,
          "name": "pages/product_detail/product_detail",
          "pathName": "pages/product_detail/product_detail",
          "query": "",
          "scene": null
        },
        {
          "id": -1,
          "name": "pages/shopping_cart/shopping_cart",
          "pathName": "pages/shopping_cart/shopping_cart",
          "query": "",
          "scene": null
        },
        {
          "id": -1,
          "name": "pages/product_fenlei/product_fenlei",
          "pathName": "pages/product_fenlei/product_fenlei",
          "query": "",
          "scene": null
        },
        {
          "id": -1,
          "name": "pages/my/my",
          "pathName": "pages/my/my",
          "query": "",
          "scene": null
        },
        {
          "id": -1,
          "name": "pages/store_login/store_login",
          "pathName": "pages/store_login/store_login",
          "query": "",
          "scene": null
        },
        {
          "id": -1,
          "name": "pages/pay/pay",
          "pathName": "pages/pay/pay",
          "query": "",
          "scene": null
        },
        {
          "id": -1,
          "name": "pages/store_operation/store_operation",
          "pathName": "pages/store_operation/store_operation",
          "query": "",
          "scene": null
        },
        {
          "id": -1,
          "name": "pages/store_operation_up/store_operation_up",
          "pathName": "pages/store_operation_up/store_operation_up",
          "query": "",
          "scene": null
        },
        {
          "id": -1,
          "name": "pages/store_operation_gl/store_operation_gl",
          "pathName": "pages/store_operation_gl/store_operation_gl",
          "query": "",
          "scene": null
        },
        {
          "id": -1,
          "name": "pages/my_record/my_record",
          "pathName": "pages/my_record/my_record",
          "query": "",
          "scene": null
        },
        {
          "id": -1,
          "name": "pages/my_record_detail/my_record_detail",
          "pathName": "pages/my_record_detail/my_record_detail",
          "query": "",
          "scene": null
        },
        {
          "id": -1,
          "name": "pages/my_record/my_record",
          "pathName": "pages/my_record/my_record",
          "query": "",
          "scene": null
        },
        {
          "id": -1,
          "name": "pages/my_record_detail/my_record_detail",
          "pathName": "pages/my_record_detail/my_record_detail",
          "query": "",
          "scene": null
        },
        {
          "id": -1,
          "name": "pages/fenlei/fenlei",
          "pathName": "pages/fenlei/fenlei",
          "query": "",
          "scene": null
        },
        {
          "id": -1,
          "name": "pages/store_operation_order/store_operation_order",
          "pathName": "pages/store_operation_order/store_operation_order",
          "scene": null
        }
      ]
    }
  }
}